model,n_samples,RMSE,MAE,Median_AE,MAPE_%,R2,ExplainedVar
GradientBoosting,267,6262.37256195548,4041.6554092360575,2453.2149099066864,47.65195077887288,0.751389050174978,0.7517686421229444
RandomForest,267,6408.646028247771,4192.13457268578,2461.138272444932,47.20499929437201,0.7396395462219729,0.7396488922938448
LightGBM,267,6564.9820825583365,4297.1891378492055,2816.9284507700177,49.104253877415196,0.7267818535178121,0.7280678737076031
XGBoost,267,6961.576888409859,4570.30582957818,2807.2397578125,53.659345078968954,0.6927741893904958,0.6928559199984714
LinearRegression,267,7010.653603114041,4943.0823931889,3129.907519644774,50.386786088187186,0.6884272491049945,0.6890166307066974
Ridge,267,7020.631104221808,4950.4498809361985,3099.0692070376845,50.6426675722588,0.6875397627754387,0.6881579640196342
